466be2a403c193c42838efe4236d7cd116c39d4e,DELETE,executable,Bagratica Sections Ready 1.0.0/Bagratica User Guide/css/img/info.png,686,
8a26aae914113d065260f604ee4687506730f692,DELETE,executable,Bagratica Sections Ready 1.0.0/Bagratica User Guide/css/img/pre_bg.png,98,
46834b996ac145e6652c891cb476f57cb3bb959a,DELETE,executable,Bagratica Sections Ready 1.0.0/Bagratica User Guide/css/img/warning.png,607,
d4a108f16ca55a7e21576cb4928b17246895308c,DELETE,executable,Bagratica Sections Ready 1.0.0/Bagratica User Guide/images/bg_img.png,2817,
ebc2a7cce286f453a4d13a6a39f2734bcfe5179f,DELETE,executable,Bagratica Sections Ready 1.0.0/Bagratica User Guide/images/content/bg_img.png,103680,
6949908a5d6b01057fd44dff47761d195a3422e2,DELETE,executable,Bagratica Sections Ready 1.0.0/Bagratica User Guide/images/content/checkout-tab.png,86012,
eca370876b79bb5b6f4b946424e99a658ceffa5d,DELETE,executable,Bagratica Sections Ready 1.0.0/Bagratica User Guide/images/content/collection-page-1.png,2687156,
eb45d1be667b821d0c0f4cf25ee769c9583b5880,DELETE,executable,Bagratica Sections Ready 1.0.0/Bagratica User Guide/images/content/collection_header_1.png,844119,
84b81f698e93349858bea774ced79b48b6e3bd1f,DELETE,executable,Bagratica Sections Ready 1.0.0/Bagratica User Guide/images/content/collection_header_2.png,847579,
b50e2bba366c986d3df35c08a9a97a46a6c20273,DELETE,executable,Bagratica Sections Ready 1.0.0/Bagratica User Guide/images/content/collection_pages_1.png,844119,
7dee59721c10428eb8c118d6d0d3e1add161f71e,DELETE,executable,Bagratica Sections Ready 1.0.0/Bagratica User Guide/images/content/collection_pages_2.png,373326,
a57274b0dea83ccc489815e200b08fdb7683731a,DELETE,executable,Bagratica Sections Ready 1.0.0/Bagratica User Guide/images/content/custom_product.png,389503,
deed67f0b3a24f65970f192e096ed309a181bc2e,DELETE,executable,Bagratica Sections Ready 1.0.0/Bagratica User Guide/images/content/custom_product_1.png,113890,
4c268703e78b5d5ddd9ec302b75f02eaed416942,DELETE,executable,Bagratica Sections Ready 1.0.0/Bagratica User Guide/images/content/custom_product_2.png,88994,
ed4d2eba32dd2ed289af8960472373259a5afb1e,DELETE,executable,Bagratica Sections Ready 1.0.0/Bagratica User Guide/images/content/general_page_1.png,2353354,
0bc68c52d5eafc80c9a0d6504fa8a01df885b9d3,DELETE,executable,Bagratica Sections Ready 1.0.0/Bagratica User Guide/images/content/install.png,12679,
4e4b06c8be228bde31053fc3e697e834b8922fd6,DELETE,executable,Bagratica Sections Ready 1.0.0/Bagratica User Guide/images/content/logo-document.png,3360,
5ef87728afc6a055650ff6c5d7126379f210f2c2,DELETE,executable,Bagratica Sections Ready 1.0.0/Bagratica User Guide/images/content/porduct-page-1.png,992857,
55f23a94c26dd6927a9ce2698f6981cb65bc6211,DELETE,executable,Bagratica Sections Ready 1.0.0/Bagratica User Guide/images/content/porduct-page-10.png,358943,
ed96736226f1c682ad578ad51f45cdbb236f1be9,DELETE,executable,Bagratica Sections Ready 1.0.0/Bagratica User Guide/images/content/porduct-page-11.png,307363,
f7631b2934713d416aa4fe07b0cbd8156f091333,DELETE,executable,Bagratica Sections Ready 1.0.0/Bagratica User Guide/images/content/porduct-page-12.png,313494,
539073f6b09efd6d4af959bd00ec55d3876a5f79,DELETE,executable,Bagratica Sections Ready 1.0.0/Bagratica User Guide/images/content/porduct-page-2.png,468387,
d1b46ef88404eb99c71df0fbc7967ef817507607,DELETE,executable,Bagratica Sections Ready 1.0.0/Bagratica User Guide/images/content/porduct-page-3.png,209059,
7f494a6a4f5f02bca252abab246fdfa5da74786c,DELETE,executable,Bagratica Sections Ready 1.0.0/Bagratica User Guide/images/content/porduct-page-4.png,292512,
9927b02f7a4b9d5390ea56e8838b837ffa6335c4,DELETE,executable,Bagratica Sections Ready 1.0.0/Bagratica User Guide/images/content/porduct-page-5.png,202354,
05f5f7fd24be97277436a29f28249214c1a16221,DELETE,executable,Bagratica Sections Ready 1.0.0/Bagratica User Guide/images/content/porduct-page-6.png,277178,
d268eec1d895ba9d2d8f70e4c170a31e3dfb4d65,DELETE,executable,Bagratica Sections Ready 1.0.0/Bagratica User Guide/images/content/porduct-page-7.png,278951,
b027d1ddf91bb290765d73eca038901f993f42ed,DELETE,executable,Bagratica Sections Ready 1.0.0/Bagratica User Guide/images/content/porduct-page-8.png,468774,
693a6a44ead7727b8c63bf512297012cb459ff86,DELETE,executable,Bagratica Sections Ready 1.0.0/Bagratica User Guide/images/content/porduct-page-9.png,494821,
51ef7a0b9357a8dc4b28106923cd3bb6a6a47a7d,DELETE,executable,Bagratica Sections Ready 1.0.0/Bagratica User Guide/images/content/recently_viewed_products_1.png,843937,
b8b6cda7214e974b50da0f8337b2ac410f4d1f4c,DELETE,executable,Bagratica Sections Ready 1.0.0/Bagratica User Guide/images/content/recently_viewed_products_2.png,355162,
ed4d2eba32dd2ed289af8960472373259a5afb1e,DELETE,executable,Bagratica Sections Ready 1.0.0/Bagratica User Guide/images/content/screenshot-bagratica-demo.myshopify.com-2018.02.07-14-47-21.png,2353354,
6a0e7434d8d6eb48e21ae9969438a44c4d3ed74a,DELETE,executable,Bagratica Sections Ready 1.0.0/Bagratica User Guide/images/content/settings-checkout.png,567398,
407cbd1f4b471c2d0c692044f3eaa868647e0802,DELETE,executable,Bagratica Sections Ready 1.0.0/Bagratica User Guide/images/content/settings-fonts.png,29420,
83845813cc4a68de43634c361ac7d8f752817028,DELETE,executable,Bagratica Sections Ready 1.0.0/Bagratica User Guide/images/content/settings-homepage-slideshow-1.png,2385040,
8362b203351713e9f028fc758955cc548aa6e8a1,DELETE,executable,Bagratica Sections Ready 1.0.0/Bagratica User Guide/images/content/settings-homepage-slideshow.png,2482488,
95ccab4fb009b21f7e247460f2b1398063090cd7,DELETE,executable,Bagratica Sections Ready 1.0.0/Bagratica User Guide/images/content/settings-page-1.png,89309,
487cd998c36e9d93f6e3e95eb3daeb44b7f9482f,DELETE,executable,Bagratica Sections Ready 1.0.0/Bagratica User Guide/images/content/settings_product_image-3.jpguÌ›.png,466228,
e020d73c68f074044570ac284862b063dd733925,DELETE,executable,Bagratica Sections Ready 1.0.0/Bagratica User Guide/images/content/setup-collection-1.png,13431,
696b194c7109770c545479a52406927b8dbec890,DELETE,executable,Bagratica Sections Ready 1.0.0/Bagratica User Guide/images/content/sidebar-1.png,843777,
47ac55aae4cd99978b74e64ed99f6f361b05c688,DELETE,executable,Bagratica Sections Ready 1.0.0/Bagratica User Guide/images/content/sidebar-2.png,68240,
dede40c0edf27e1bacd477c7b883b0d4b4ec260d,DELETE,executable,Bagratica Sections Ready 1.0.0/Bagratica User Guide/images/content/sidebar-3.png,39366,
fccb1a48498a9f199fb0a727f3242a8ea61b2e57,DELETE,executable,Bagratica Sections Ready 1.0.0/Bagratica User Guide/images/content/youtube.png,946,
ce7616e9430d07cfad61525aaf8dfc1b562c46ff,DELETE,executable,Bagratica Sections Ready 1.0.0/Bagratica User Guide/images/logo-2.png,6355,
57596e37b267edcd7dd3ba845dc9c9af2641d7e9,DELETE,executable,Bagratica Sections Ready 1.0.0/Bagratica User Guide/images/logo.png,10956,
466be2a403c193c42838efe4236d7cd116c39d4e,DELETE,executable,Ella Sections Ready 1.0.0 (RTL)/Ella User Guide (RTL)/css/img/info.png,686,
8a26aae914113d065260f604ee4687506730f692,DELETE,executable,Ella Sections Ready 1.0.0 (RTL)/Ella User Guide (RTL)/css/img/pre_bg.png,98,
46834b996ac145e6652c891cb476f57cb3bb959a,DELETE,executable,Ella Sections Ready 1.0.0 (RTL)/Ella User Guide (RTL)/css/img/warning.png,607,
d4a108f16ca55a7e21576cb4928b17246895308c,DELETE,executable,Ella Sections Ready 1.0.0 (RTL)/Ella User Guide (RTL)/images/bg_img.png,2817,
11f76feebeb40b1c745bcad4d1498f2fc6745d1f,DELETE,executable,Ella Sections Ready 1.0.0 (RTL)/Ella User Guide (RTL)/images/content/1.png,290023,
94fb28653a10fff0893278ea8c46703d9b0d1200,DELETE,executable,Ella Sections Ready 1.0.0 (RTL)/Ella User Guide (RTL)/images/content/2.png,77818,
6109a0658b7cb9c883e5d1f8c1bca0c6620daad3,DELETE,executable,Ella Sections Ready 1.0.0 (RTL)/Ella User Guide (RTL)/images/content/3.png,327487,
6949908a5d6b01057fd44dff47761d195a3422e2,DELETE,executable,Ella Sections Ready 1.0.0 (RTL)/Ella User Guide (RTL)/images/content/checkout-tab.png,86012,
cbcd872a0d6661b26977af36241994b24c96f3f6,DELETE,executable,Ella Sections Ready 1.0.0 (RTL)/Ella User Guide (RTL)/images/content/collection-page-1.png,1870683,
5f9dd5954f013873734e67269a8e912c0c92638a,DELETE,executable,Ella Sections Ready 1.0.0 (RTL)/Ella User Guide (RTL)/images/content/collection_header_1.png,381443,
f66a5a373e209c17b008c7805c200f4828532a12,DELETE,executable,Ella Sections Ready 1.0.0 (RTL)/Ella User Guide (RTL)/images/content/collection_header_2.png,383596,
2472675ae1c95a6f72b80a3923d9cfab0bed47d5,DELETE,executable,Ella Sections Ready 1.0.0 (RTL)/Ella User Guide (RTL)/images/content/collection_pages_1.png,367820,
3f7be8a3ebaf959824e40335e1f16215ef1901a3,DELETE,executable,Ella Sections Ready 1.0.0 (RTL)/Ella User Guide (RTL)/images/content/collection_pages_2.png,222453,
f5bb9209b66b7d9300cf4741600d434157403826,DELETE,executable,Ella Sections Ready 1.0.0 (RTL)/Ella User Guide (RTL)/images/content/general_page_1.png,667118,
18f850363803ae24c1bc0a281d5ed987de8c037c,DELETE,executable,Ella Sections Ready 1.0.0 (RTL)/Ella User Guide (RTL)/images/content/img_style_1.png,427379,
2c9ad142922e5aa50e1dbb2109ce1926aff4cdfd,DELETE,executable,Ella Sections Ready 1.0.0 (RTL)/Ella User Guide (RTL)/images/content/img_style_2.png,851899,
9fb307a6cda0c88f85288784be01d6867be2e07f,DELETE,executable,Ella Sections Ready 1.0.0 (RTL)/Ella User Guide (RTL)/images/content/img_style_3.png,596111,
5819b21e48afb143a9af38cb3b2e13b2fdf4811c,DELETE,executable,Ella Sections Ready 1.0.0 (RTL)/Ella User Guide (RTL)/images/content/img_style_4.png,457466,
0bc68c52d5eafc80c9a0d6504fa8a01df885b9d3,DELETE,executable,Ella Sections Ready 1.0.0 (RTL)/Ella User Guide (RTL)/images/content/install.png,12679,
4e4b06c8be228bde31053fc3e697e834b8922fd6,DELETE,executable,Ella Sections Ready 1.0.0 (RTL)/Ella User Guide (RTL)/images/content/logo-document.png,3360,
3e249b6af0f160b6887e3aefb7d154b0072c412b,DELETE,executable,Ella Sections Ready 1.0.0 (RTL)/Ella User Guide (RTL)/images/content/porduct-page-1.png,742766,
98e6a145fa37a8fdafc1985c8e11b6d266254e41,DELETE,executable,Ella Sections Ready 1.0.0 (RTL)/Ella User Guide (RTL)/images/content/porduct-page-10.png,333196,
d8f07640176c27f86604ed2a4532dc866e8fadee,DELETE,executable,Ella Sections Ready 1.0.0 (RTL)/Ella User Guide (RTL)/images/content/porduct-page-11.png,344608,
f7631b2934713d416aa4fe07b0cbd8156f091333,DELETE,executable,Ella Sections Ready 1.0.0 (RTL)/Ella User Guide (RTL)/images/content/porduct-page-12.png,313494,
5cd565cddd89a1a6caab0006f1f8a95655298c97,DELETE,executable,Ella Sections Ready 1.0.0 (RTL)/Ella User Guide (RTL)/images/content/porduct-page-2.png,855535,
d1b46ef88404eb99c71df0fbc7967ef817507607,DELETE,executable,Ella Sections Ready 1.0.0 (RTL)/Ella User Guide (RTL)/images/content/porduct-page-3.png,209059,
7f494a6a4f5f02bca252abab246fdfa5da74786c,DELETE,executable,Ella Sections Ready 1.0.0 (RTL)/Ella User Guide (RTL)/images/content/porduct-page-4.png,292512,
9927b02f7a4b9d5390ea56e8838b837ffa6335c4,DELETE,executable,Ella Sections Ready 1.0.0 (RTL)/Ella User Guide (RTL)/images/content/porduct-page-5.png,202354,
05f5f7fd24be97277436a29f28249214c1a16221,DELETE,executable,Ella Sections Ready 1.0.0 (RTL)/Ella User Guide (RTL)/images/content/porduct-page-6.png,277178,
d268eec1d895ba9d2d8f70e4c170a31e3dfb4d65,DELETE,executable,Ella Sections Ready 1.0.0 (RTL)/Ella User Guide (RTL)/images/content/porduct-page-7.png,278951,
2077ffad9dbaea5cd89cd2c5fb128a887d9c49f5,DELETE,executable,Ella Sections Ready 1.0.0 (RTL)/Ella User Guide (RTL)/images/content/porduct-page-8.png,208191,
f65c26a229173dd0f5d1e525f1d98cbde1ff4f26,DELETE,executable,Ella Sections Ready 1.0.0 (RTL)/Ella User Guide (RTL)/images/content/porduct-page-9.png,335991,
e4336756ce9d7eb481d881aec1f14ddd0f658fa8,DELETE,executable,Ella Sections Ready 1.0.0 (RTL)/Ella User Guide (RTL)/images/content/recently_viewed_products_1.png,380411,
036abd6acc77c34df1086975f8ac645e43461213,DELETE,executable,Ella Sections Ready 1.0.0 (RTL)/Ella User Guide (RTL)/images/content/recently_viewed_products_2.png,264621,
1d88702739f177992853a9fd46030c0b57978487,DELETE,executable,Ella Sections Ready 1.0.0 (RTL)/Ella User Guide (RTL)/images/content/settings-homepage-slideshow.png,1346940,
95ccab4fb009b21f7e247460f2b1398063090cd7,DELETE,executable,Ella Sections Ready 1.0.0 (RTL)/Ella User Guide (RTL)/images/content/settings-page-1.png,89309,
e020d73c68f074044570ac284862b063dd733925,DELETE,executable,Ella Sections Ready 1.0.0 (RTL)/Ella User Guide (RTL)/images/content/setup-collection-1.png,13431,
552ebdb091ca002b35883d44e1155f363966c82a,DELETE,executable,Ella Sections Ready 1.0.0 (RTL)/Ella User Guide (RTL)/images/content/sidebar-1.png,382042,
7b1b9429e28d08d0b4b9583b20458f60851f4b2e,DELETE,executable,Ella Sections Ready 1.0.0 (RTL)/Ella User Guide (RTL)/images/content/sidebar-2.png,402722,
f82d76860dde96abf2b81445186bc6ed61279778,DELETE,executable,Ella Sections Ready 1.0.0 (RTL)/Ella User Guide (RTL)/images/content/sidebar-3.png,314289,
fccb1a48498a9f199fb0a727f3242a8ea61b2e57,DELETE,executable,Ella Sections Ready 1.0.0 (RTL)/Ella User Guide (RTL)/images/content/youtube.png,946,
a75a26e39f5e526f51bcf8c428a5742471af93ba,DELETE,executable,Ella Sections Ready 1.0.0 (RTL)/Ella User Guide (RTL)/images/logo-2.png,2029,
57596e37b267edcd7dd3ba845dc9c9af2641d7e9,DELETE,executable,Ella Sections Ready 1.0.0 (RTL)/Ella User Guide (RTL)/images/logo.png,10956,
466be2a403c193c42838efe4236d7cd116c39d4e,DELETE,executable,Ella Sections Ready 1.0.0 Center Header (RTL)/Ella User Guide (Center Header version RTL)/css/img/info.png,686,
8a26aae914113d065260f604ee4687506730f692,DELETE,executable,Ella Sections Ready 1.0.0 Center Header (RTL)/Ella User Guide (Center Header version RTL)/css/img/pre_bg.png,98,
46834b996ac145e6652c891cb476f57cb3bb959a,DELETE,executable,Ella Sections Ready 1.0.0 Center Header (RTL)/Ella User Guide (Center Header version RTL)/css/img/warning.png,607,
d4a108f16ca55a7e21576cb4928b17246895308c,DELETE,executable,Ella Sections Ready 1.0.0 Center Header (RTL)/Ella User Guide (Center Header version RTL)/images/bg_img.png,2817,
11f76feebeb40b1c745bcad4d1498f2fc6745d1f,DELETE,executable,Ella Sections Ready 1.0.0 Center Header (RTL)/Ella User Guide (Center Header version RTL)/images/content/1.png,290023,
94fb28653a10fff0893278ea8c46703d9b0d1200,DELETE,executable,Ella Sections Ready 1.0.0 Center Header (RTL)/Ella User Guide (Center Header version RTL)/images/content/2.png,77818,
6109a0658b7cb9c883e5d1f8c1bca0c6620daad3,DELETE,executable,Ella Sections Ready 1.0.0 Center Header (RTL)/Ella User Guide (Center Header version RTL)/images/content/3.png,327487,
6949908a5d6b01057fd44dff47761d195a3422e2,DELETE,executable,Ella Sections Ready 1.0.0 Center Header (RTL)/Ella User Guide (Center Header version RTL)/images/content/checkout-tab.png,86012,
243633a4e2a94ba46d77d612083203d073ef92d3,DELETE,executable,Ella Sections Ready 1.0.0 Center Header (RTL)/Ella User Guide (Center Header version RTL)/images/content/collection-page-1.png,1827357,
a7c41032d7423778b692e3f5b6e7caa61bbff5af,DELETE,executable,Ella Sections Ready 1.0.0 Center Header (RTL)/Ella User Guide (Center Header version RTL)/images/content/collection_header_1.png,412310,
c849bfd1725730f15a5e98548dc9ace9ed819ad2,DELETE,executable,Ella Sections Ready 1.0.0 Center Header (RTL)/Ella User Guide (Center Header version RTL)/images/content/collection_header_2.png,436333,
1f82a1320b6c695f3bea8e6ddd5745f5a2abc617,DELETE,executable,Ella Sections Ready 1.0.0 Center Header (RTL)/Ella User Guide (Center Header version RTL)/images/content/collection_pages_1.png,412261,
44a439aa59fd2965a00f93280a3085b616df2e74,DELETE,executable,Ella Sections Ready 1.0.0 Center Header (RTL)/Ella User Guide (Center Header version RTL)/images/content/collection_pages_2.png,190729,
5959e45b0496125376f9c75c78af2bb47d0ea93c,DELETE,executable,Ella Sections Ready 1.0.0 Center Header (RTL)/Ella User Guide (Center Header version RTL)/images/content/general_page_1.png,394540,
18f850363803ae24c1bc0a281d5ed987de8c037c,DELETE,executable,Ella Sections Ready 1.0.0 Center Header (RTL)/Ella User Guide (Center Header version RTL)/images/content/img_style_1.png,427379,
2c9ad142922e5aa50e1dbb2109ce1926aff4cdfd,DELETE,executable,Ella Sections Ready 1.0.0 Center Header (RTL)/Ella User Guide (Center Header version RTL)/images/content/img_style_2.png,851899,
9fb307a6cda0c88f85288784be01d6867be2e07f,DELETE,executable,Ella Sections Ready 1.0.0 Center Header (RTL)/Ella User Guide (Center Header version RTL)/images/content/img_style_3.png,596111,
5819b21e48afb143a9af38cb3b2e13b2fdf4811c,DELETE,executable,Ella Sections Ready 1.0.0 Center Header (RTL)/Ella User Guide (Center Header version RTL)/images/content/img_style_4.png,457466,
0bc68c52d5eafc80c9a0d6504fa8a01df885b9d3,DELETE,executable,Ella Sections Ready 1.0.0 Center Header (RTL)/Ella User Guide (Center Header version RTL)/images/content/install.png,12679,
4e4b06c8be228bde31053fc3e697e834b8922fd6,DELETE,executable,Ella Sections Ready 1.0.0 Center Header (RTL)/Ella User Guide (Center Header version RTL)/images/content/logo-document.png,3360,
7e6da06882ffd5303e530f18fa5d840ffaa63016,DELETE,executable,Ella Sections Ready 1.0.0 Center Header (RTL)/Ella User Guide (Center Header version RTL)/images/content/porduct-page-1.png,630795,
b56ada850aca7d309dd8a8fd8b83d09b701a1f38,DELETE,executable,Ella Sections Ready 1.0.0 Center Header (RTL)/Ella User Guide (Center Header version RTL)/images/content/porduct-page-10.png,313966,
eb32f57b724f18f7d8635a951d52c42b7dca701e,DELETE,executable,Ella Sections Ready 1.0.0 Center Header (RTL)/Ella User Guide (Center Header version RTL)/images/content/porduct-page-11.png,331649,
e92dbf1d0520d8a3f686c3ac7382245cb1cbf3e2,DELETE,executable,Ella Sections Ready 1.0.0 Center Header (RTL)/Ella User Guide (Center Header version RTL)/images/content/porduct-page-12.png,284421,
359a34c11f7feb1878f75463d400a919930eaeb9,DELETE,executable,Ella Sections Ready 1.0.0 Center Header (RTL)/Ella User Guide (Center Header version RTL)/images/content/porduct-page-2.png,782666,
2954bc339a769e9a5755e5ad89ba62e27501534f,DELETE,executable,Ella Sections Ready 1.0.0 Center Header (RTL)/Ella User Guide (Center Header version RTL)/images/content/porduct-page-3.png,193835,
953c1c7e964393d68a43b5d2475cb92363153976,DELETE,executable,Ella Sections Ready 1.0.0 Center Header (RTL)/Ella User Guide (Center Header version RTL)/images/content/porduct-page-4.png,264169,
8869721add7510bd28f9b257cc48400e4f7bf44b,DELETE,executable,Ella Sections Ready 1.0.0 Center Header (RTL)/Ella User Guide (Center Header version RTL)/images/content/porduct-page-5.png,185251,
a00c35accd4af471fcfa3fcc0fe255fe711450b8,DELETE,executable,Ella Sections Ready 1.0.0 Center Header (RTL)/Ella User Guide (Center Header version RTL)/images/content/porduct-page-6.png,261308,
cc5f67cdb01da1f553e073b2deb1df49a8868c51,DELETE,executable,Ella Sections Ready 1.0.0 Center Header (RTL)/Ella User Guide (Center Header version RTL)/images/content/porduct-page-7.png,263507,
233e8642439382eee8531db10bc34a100ff05876,DELETE,executable,Ella Sections Ready 1.0.0 Center Header (RTL)/Ella User Guide (Center Header version RTL)/images/content/porduct-page-8.png,193134,
1e7ed18007ee97d3f0951873b1c6a605579afa84,DELETE,executable,Ella Sections Ready 1.0.0 Center Header (RTL)/Ella User Guide (Center Header version RTL)/images/content/porduct-page-9.png,311939,
d9134d70a0fb31ae0ec9ae7774104ee03136a0a3,DELETE,executable,Ella Sections Ready 1.0.0 Center Header (RTL)/Ella User Guide (Center Header version RTL)/images/content/recently_viewed_products_1.png,408452,
9b16028991a8930cf090734d213a5312b74ab7d9,DELETE,executable,Ella Sections Ready 1.0.0 Center Header (RTL)/Ella User Guide (Center Header version RTL)/images/content/recently_viewed_products_2.png,243234,
5bc9e827c05aba338269ab0a86659407c89df9a0,DELETE,executable,Ella Sections Ready 1.0.0 Center Header (RTL)/Ella User Guide (Center Header version RTL)/images/content/settings-header-frontend-1.png,3021,
1d88702739f177992853a9fd46030c0b57978487,DELETE,executable,Ella Sections Ready 1.0.0 Center Header (RTL)/Ella User Guide (Center Header version RTL)/images/content/settings-homepage-slideshow.png,1346940,
95ccab4fb009b21f7e247460f2b1398063090cd7,DELETE,executable,Ella Sections Ready 1.0.0 Center Header (RTL)/Ella User Guide (Center Header version RTL)/images/content/settings-page-1.png,89309,
e020d73c68f074044570ac284862b063dd733925,DELETE,executable,Ella Sections Ready 1.0.0 Center Header (RTL)/Ella User Guide (Center Header version RTL)/images/content/setup-collection-1.png,13431,
8d62898af28564093abc407d4681b17e306b049d,DELETE,executable,Ella Sections Ready 1.0.0 Center Header (RTL)/Ella User Guide (Center Header version RTL)/images/content/sidebar-1.png,419055,
b9a8c0e6f361cc3f0395a8dbcec6d3a64773ba7f,DELETE,executable,Ella Sections Ready 1.0.0 Center Header (RTL)/Ella User Guide (Center Header version RTL)/images/content/sidebar-2.png,389924,
481a9d3472a5fba6ed1e0d1c1b72c11b955c9351,DELETE,executable,Ella Sections Ready 1.0.0 Center Header (RTL)/Ella User Guide (Center Header version RTL)/images/content/sidebar-3.png,281747,
a75a26e39f5e526f51bcf8c428a5742471af93ba,DELETE,executable,Ella Sections Ready 1.0.0 Center Header (RTL)/Ella User Guide (Center Header version RTL)/images/logo-2.png,2029,
57596e37b267edcd7dd3ba845dc9c9af2641d7e9,DELETE,executable,Ella Sections Ready 1.0.0 Center Header (RTL)/Ella User Guide (Center Header version RTL)/images/logo.png,10956,
466be2a403c193c42838efe4236d7cd116c39d4e,DELETE,executable,Ella Sections Ready 1.0.0 Center Header/Ella User Guide (Center Header version)/css/img/info.png,686,
8a26aae914113d065260f604ee4687506730f692,DELETE,executable,Ella Sections Ready 1.0.0 Center Header/Ella User Guide (Center Header version)/css/img/pre_bg.png,98,
46834b996ac145e6652c891cb476f57cb3bb959a,DELETE,executable,Ella Sections Ready 1.0.0 Center Header/Ella User Guide (Center Header version)/css/img/warning.png,607,
d4a108f16ca55a7e21576cb4928b17246895308c,DELETE,executable,Ella Sections Ready 1.0.0 Center Header/Ella User Guide (Center Header version)/images/bg_img.png,2817,
11f76feebeb40b1c745bcad4d1498f2fc6745d1f,DELETE,executable,Ella Sections Ready 1.0.0 Center Header/Ella User Guide (Center Header version)/images/content/1.png,290023,
94fb28653a10fff0893278ea8c46703d9b0d1200,DELETE,executable,Ella Sections Ready 1.0.0 Center Header/Ella User Guide (Center Header version)/images/content/2.png,77818,
6109a0658b7cb9c883e5d1f8c1bca0c6620daad3,DELETE,executable,Ella Sections Ready 1.0.0 Center Header/Ella User Guide (Center Header version)/images/content/3.png,327487,
6949908a5d6b01057fd44dff47761d195a3422e2,DELETE,executable,Ella Sections Ready 1.0.0 Center Header/Ella User Guide (Center Header version)/images/content/checkout-tab.png,86012,
243633a4e2a94ba46d77d612083203d073ef92d3,DELETE,executable,Ella Sections Ready 1.0.0 Center Header/Ella User Guide (Center Header version)/images/content/collection-page-1.png,1827357,
a7c41032d7423778b692e3f5b6e7caa61bbff5af,DELETE,executable,Ella Sections Ready 1.0.0 Center Header/Ella User Guide (Center Header version)/images/content/collection_header_1.png,412310,
c849bfd1725730f15a5e98548dc9ace9ed819ad2,DELETE,executable,Ella Sections Ready 1.0.0 Center Header/Ella User Guide (Center Header version)/images/content/collection_header_2.png,436333,
1f82a1320b6c695f3bea8e6ddd5745f5a2abc617,DELETE,executable,Ella Sections Ready 1.0.0 Center Header/Ella User Guide (Center Header version)/images/content/collection_pages_1.png,412261,
44a439aa59fd2965a00f93280a3085b616df2e74,DELETE,executable,Ella Sections Ready 1.0.0 Center Header/Ella User Guide (Center Header version)/images/content/collection_pages_2.png,190729,
5959e45b0496125376f9c75c78af2bb47d0ea93c,DELETE,executable,Ella Sections Ready 1.0.0 Center Header/Ella User Guide (Center Header version)/images/content/general_page_1.png,394540,
18f850363803ae24c1bc0a281d5ed987de8c037c,DELETE,executable,Ella Sections Ready 1.0.0 Center Header/Ella User Guide (Center Header version)/images/content/img_style_1.png,427379,
2c9ad142922e5aa50e1dbb2109ce1926aff4cdfd,DELETE,executable,Ella Sections Ready 1.0.0 Center Header/Ella User Guide (Center Header version)/images/content/img_style_2.png,851899,
9fb307a6cda0c88f85288784be01d6867be2e07f,DELETE,executable,Ella Sections Ready 1.0.0 Center Header/Ella User Guide (Center Header version)/images/content/img_style_3.png,596111,
5819b21e48afb143a9af38cb3b2e13b2fdf4811c,DELETE,executable,Ella Sections Ready 1.0.0 Center Header/Ella User Guide (Center Header version)/images/content/img_style_4.png,457466,
0bc68c52d5eafc80c9a0d6504fa8a01df885b9d3,DELETE,executable,Ella Sections Ready 1.0.0 Center Header/Ella User Guide (Center Header version)/images/content/install.png,12679,
4e4b06c8be228bde31053fc3e697e834b8922fd6,DELETE,executable,Ella Sections Ready 1.0.0 Center Header/Ella User Guide (Center Header version)/images/content/logo-document.png,3360,
7e6da06882ffd5303e530f18fa5d840ffaa63016,DELETE,executable,Ella Sections Ready 1.0.0 Center Header/Ella User Guide (Center Header version)/images/content/porduct-page-1.png,630795,
b56ada850aca7d309dd8a8fd8b83d09b701a1f38,DELETE,executable,Ella Sections Ready 1.0.0 Center Header/Ella User Guide (Center Header version)/images/content/porduct-page-10.png,313966,
eb32f57b724f18f7d8635a951d52c42b7dca701e,DELETE,executable,Ella Sections Ready 1.0.0 Center Header/Ella User Guide (Center Header version)/images/content/porduct-page-11.png,331649,
e92dbf1d0520d8a3f686c3ac7382245cb1cbf3e2,DELETE,executable,Ella Sections Ready 1.0.0 Center Header/Ella User Guide (Center Header version)/images/content/porduct-page-12.png,284421,
359a34c11f7feb1878f75463d400a919930eaeb9,DELETE,executable,Ella Sections Ready 1.0.0 Center Header/Ella User Guide (Center Header version)/images/content/porduct-page-2.png,782666,
2954bc339a769e9a5755e5ad89ba62e27501534f,DELETE,executable,Ella Sections Ready 1.0.0 Center Header/Ella User Guide (Center Header version)/images/content/porduct-page-3.png,193835,
953c1c7e964393d68a43b5d2475cb92363153976,DELETE,executable,Ella Sections Ready 1.0.0 Center Header/Ella User Guide (Center Header version)/images/content/porduct-page-4.png,264169,
8869721add7510bd28f9b257cc48400e4f7bf44b,DELETE,executable,Ella Sections Ready 1.0.0 Center Header/Ella User Guide (Center Header version)/images/content/porduct-page-5.png,185251,
a00c35accd4af471fcfa3fcc0fe255fe711450b8,DELETE,executable,Ella Sections Ready 1.0.0 Center Header/Ella User Guide (Center Header version)/images/content/porduct-page-6.png,261308,
cc5f67cdb01da1f553e073b2deb1df49a8868c51,DELETE,executable,Ella Sections Ready 1.0.0 Center Header/Ella User Guide (Center Header version)/images/content/porduct-page-7.png,263507,
233e8642439382eee8531db10bc34a100ff05876,DELETE,executable,Ella Sections Ready 1.0.0 Center Header/Ella User Guide (Center Header version)/images/content/porduct-page-8.png,193134,
1e7ed18007ee97d3f0951873b1c6a605579afa84,DELETE,executable,Ella Sections Ready 1.0.0 Center Header/Ella User Guide (Center Header version)/images/content/porduct-page-9.png,311939,
d9134d70a0fb31ae0ec9ae7774104ee03136a0a3,DELETE,executable,Ella Sections Ready 1.0.0 Center Header/Ella User Guide (Center Header version)/images/content/recently_viewed_products_1.png,408452,
9b16028991a8930cf090734d213a5312b74ab7d9,DELETE,executable,Ella Sections Ready 1.0.0 Center Header/Ella User Guide (Center Header version)/images/content/recently_viewed_products_2.png,243234,
5bc9e827c05aba338269ab0a86659407c89df9a0,DELETE,executable,Ella Sections Ready 1.0.0 Center Header/Ella User Guide (Center Header version)/images/content/settings-header-frontend-1.png,3021,
1d88702739f177992853a9fd46030c0b57978487,DELETE,executable,Ella Sections Ready 1.0.0 Center Header/Ella User Guide (Center Header version)/images/content/settings-homepage-slideshow.png,1346940,
95ccab4fb009b21f7e247460f2b1398063090cd7,DELETE,executable,Ella Sections Ready 1.0.0 Center Header/Ella User Guide (Center Header version)/images/content/settings-page-1.png,89309,
e020d73c68f074044570ac284862b063dd733925,DELETE,executable,Ella Sections Ready 1.0.0 Center Header/Ella User Guide (Center Header version)/images/content/setup-collection-1.png,13431,
8d62898af28564093abc407d4681b17e306b049d,DELETE,executable,Ella Sections Ready 1.0.0 Center Header/Ella User Guide (Center Header version)/images/content/sidebar-1.png,419055,
b9a8c0e6f361cc3f0395a8dbcec6d3a64773ba7f,DELETE,executable,Ella Sections Ready 1.0.0 Center Header/Ella User Guide (Center Header version)/images/content/sidebar-2.png,389924,
481a9d3472a5fba6ed1e0d1c1b72c11b955c9351,DELETE,executable,Ella Sections Ready 1.0.0 Center Header/Ella User Guide (Center Header version)/images/content/sidebar-3.png,281747,
a75a26e39f5e526f51bcf8c428a5742471af93ba,DELETE,executable,Ella Sections Ready 1.0.0 Center Header/Ella User Guide (Center Header version)/images/logo-2.png,2029,
57596e37b267edcd7dd3ba845dc9c9af2641d7e9,DELETE,executable,Ella Sections Ready 1.0.0 Center Header/Ella User Guide (Center Header version)/images/logo.png,10956,
466be2a403c193c42838efe4236d7cd116c39d4e,DELETE,executable,Ella Sections Ready 1.0.0/Ella User Guide/css/img/info.png,686,
8a26aae914113d065260f604ee4687506730f692,DELETE,executable,Ella Sections Ready 1.0.0/Ella User Guide/css/img/pre_bg.png,98,
46834b996ac145e6652c891cb476f57cb3bb959a,DELETE,executable,Ella Sections Ready 1.0.0/Ella User Guide/css/img/warning.png,607,
d4a108f16ca55a7e21576cb4928b17246895308c,DELETE,executable,Ella Sections Ready 1.0.0/Ella User Guide/images/bg_img.png,2817,
11f76feebeb40b1c745bcad4d1498f2fc6745d1f,DELETE,executable,Ella Sections Ready 1.0.0/Ella User Guide/images/content/1.png,290023,
94fb28653a10fff0893278ea8c46703d9b0d1200,DELETE,executable,Ella Sections Ready 1.0.0/Ella User Guide/images/content/2.png,77818,
6109a0658b7cb9c883e5d1f8c1bca0c6620daad3,DELETE,executable,Ella Sections Ready 1.0.0/Ella User Guide/images/content/3.png,327487,
6949908a5d6b01057fd44dff47761d195a3422e2,DELETE,executable,Ella Sections Ready 1.0.0/Ella User Guide/images/content/checkout-tab.png,86012,
cbcd872a0d6661b26977af36241994b24c96f3f6,DELETE,executable,Ella Sections Ready 1.0.0/Ella User Guide/images/content/collection-page-1.png,1870683,
5f9dd5954f013873734e67269a8e912c0c92638a,DELETE,executable,Ella Sections Ready 1.0.0/Ella User Guide/images/content/collection_header_1.png,381443,
f66a5a373e209c17b008c7805c200f4828532a12,DELETE,executable,Ella Sections Ready 1.0.0/Ella User Guide/images/content/collection_header_2.png,383596,
2472675ae1c95a6f72b80a3923d9cfab0bed47d5,DELETE,executable,Ella Sections Ready 1.0.0/Ella User Guide/images/content/collection_pages_1.png,367820,
3f7be8a3ebaf959824e40335e1f16215ef1901a3,DELETE,executable,Ella Sections Ready 1.0.0/Ella User Guide/images/content/collection_pages_2.png,222453,
f5bb9209b66b7d9300cf4741600d434157403826,DELETE,executable,Ella Sections Ready 1.0.0/Ella User Guide/images/content/general_page_1.png,667118,
18f850363803ae24c1bc0a281d5ed987de8c037c,DELETE,executable,Ella Sections Ready 1.0.0/Ella User Guide/images/content/img_style_1.png,427379,
2c9ad142922e5aa50e1dbb2109ce1926aff4cdfd,DELETE,executable,Ella Sections Ready 1.0.0/Ella User Guide/images/content/img_style_2.png,851899,
9fb307a6cda0c88f85288784be01d6867be2e07f,DELETE,executable,Ella Sections Ready 1.0.0/Ella User Guide/images/content/img_style_3.png,596111,
5819b21e48afb143a9af38cb3b2e13b2fdf4811c,DELETE,executable,Ella Sections Ready 1.0.0/Ella User Guide/images/content/img_style_4.png,457466,
0bc68c52d5eafc80c9a0d6504fa8a01df885b9d3,DELETE,executable,Ella Sections Ready 1.0.0/Ella User Guide/images/content/install.png,12679,
4e4b06c8be228bde31053fc3e697e834b8922fd6,DELETE,executable,Ella Sections Ready 1.0.0/Ella User Guide/images/content/logo-document.png,3360,
3e249b6af0f160b6887e3aefb7d154b0072c412b,DELETE,executable,Ella Sections Ready 1.0.0/Ella User Guide/images/content/porduct-page-1.png,742766,
98e6a145fa37a8fdafc1985c8e11b6d266254e41,DELETE,executable,Ella Sections Ready 1.0.0/Ella User Guide/images/content/porduct-page-10.png,333196,
d8f07640176c27f86604ed2a4532dc866e8fadee,DELETE,executable,Ella Sections Ready 1.0.0/Ella User Guide/images/content/porduct-page-11.png,344608,
f7631b2934713d416aa4fe07b0cbd8156f091333,DELETE,executable,Ella Sections Ready 1.0.0/Ella User Guide/images/content/porduct-page-12.png,313494,
5cd565cddd89a1a6caab0006f1f8a95655298c97,DELETE,executable,Ella Sections Ready 1.0.0/Ella User Guide/images/content/porduct-page-2.png,855535,
d1b46ef88404eb99c71df0fbc7967ef817507607,DELETE,executable,Ella Sections Ready 1.0.0/Ella User Guide/images/content/porduct-page-3.png,209059,
7f494a6a4f5f02bca252abab246fdfa5da74786c,DELETE,executable,Ella Sections Ready 1.0.0/Ella User Guide/images/content/porduct-page-4.png,292512,
9927b02f7a4b9d5390ea56e8838b837ffa6335c4,DELETE,executable,Ella Sections Ready 1.0.0/Ella User Guide/images/content/porduct-page-5.png,202354,
05f5f7fd24be97277436a29f28249214c1a16221,DELETE,executable,Ella Sections Ready 1.0.0/Ella User Guide/images/content/porduct-page-6.png,277178,
d268eec1d895ba9d2d8f70e4c170a31e3dfb4d65,DELETE,executable,Ella Sections Ready 1.0.0/Ella User Guide/images/content/porduct-page-7.png,278951,
2077ffad9dbaea5cd89cd2c5fb128a887d9c49f5,DELETE,executable,Ella Sections Ready 1.0.0/Ella User Guide/images/content/porduct-page-8.png,208191,
f65c26a229173dd0f5d1e525f1d98cbde1ff4f26,DELETE,executable,Ella Sections Ready 1.0.0/Ella User Guide/images/content/porduct-page-9.png,335991,
e4336756ce9d7eb481d881aec1f14ddd0f658fa8,DELETE,executable,Ella Sections Ready 1.0.0/Ella User Guide/images/content/recently_viewed_products_1.png,380411,
036abd6acc77c34df1086975f8ac645e43461213,DELETE,executable,Ella Sections Ready 1.0.0/Ella User Guide/images/content/recently_viewed_products_2.png,264621,
1d88702739f177992853a9fd46030c0b57978487,DELETE,executable,Ella Sections Ready 1.0.0/Ella User Guide/images/content/settings-homepage-slideshow.png,1346940,
95ccab4fb009b21f7e247460f2b1398063090cd7,DELETE,executable,Ella Sections Ready 1.0.0/Ella User Guide/images/content/settings-page-1.png,89309,
e020d73c68f074044570ac284862b063dd733925,DELETE,executable,Ella Sections Ready 1.0.0/Ella User Guide/images/content/setup-collection-1.png,13431,
552ebdb091ca002b35883d44e1155f363966c82a,DELETE,executable,Ella Sections Ready 1.0.0/Ella User Guide/images/content/sidebar-1.png,382042,
7b1b9429e28d08d0b4b9583b20458f60851f4b2e,DELETE,executable,Ella Sections Ready 1.0.0/Ella User Guide/images/content/sidebar-2.png,402722,
f82d76860dde96abf2b81445186bc6ed61279778,DELETE,executable,Ella Sections Ready 1.0.0/Ella User Guide/images/content/sidebar-3.png,314289,
fccb1a48498a9f199fb0a727f3242a8ea61b2e57,DELETE,executable,Ella Sections Ready 1.0.0/Ella User Guide/images/content/youtube.png,946,
a75a26e39f5e526f51bcf8c428a5742471af93ba,DELETE,executable,Ella Sections Ready 1.0.0/Ella User Guide/images/logo-2.png,2029,
57596e37b267edcd7dd3ba845dc9c9af2641d7e9,DELETE,executable,Ella Sections Ready 1.0.0/Ella User Guide/images/logo.png,10956,
12be8c3a89bc90771f4d8dd5f784af62b8954395,DELETE,regular-file,Ella Sections Ready 1.0.0/assets/blank.png,922,
e27daf79d6307236447e4812f468736116c7acf0,DELETE,regular-file,Ella Sections Ready 1.0.0/assets/box-shadow-mobile.png,948,
ba2cd80a096b8309aade531a7434d4348d57f0a5,DELETE,regular-file,Ella Sections Ready 1.0.0/assets/brand1.png,1891,
9509f5eb31b3b89564fb49f744b81af567a0ab91,DELETE,regular-file,Ella Sections Ready 1.0.0/assets/brand2.png,1786,
b81d3acfdc923c6ae272586ff757e354b568130a,DELETE,regular-file,Ella Sections Ready 1.0.0/assets/brand3.png,1965,
69c10fd3875f52134c6a3c8e8711755f6a1d9741,DELETE,regular-file,Ella Sections Ready 1.0.0/assets/brand4.png,1901,
1efe838c518a90ca0d10e36bbe632d63c594a51d,DELETE,regular-file,Ella Sections Ready 1.0.0/assets/brand5.png,2371,
ba2cd80a096b8309aade531a7434d4348d57f0a5,DELETE,regular-file,Ella Sections Ready 1.0.0/assets/brand6.png,1891,
9509f5eb31b3b89564fb49f744b81af567a0ab91,DELETE,regular-file,Ella Sections Ready 1.0.0/assets/brand7.png,1786,
b81d3acfdc923c6ae272586ff757e354b568130a,DELETE,regular-file,Ella Sections Ready 1.0.0/assets/brand8.png,1965,
69c10fd3875f52134c6a3c8e8711755f6a1d9741,DELETE,regular-file,Ella Sections Ready 1.0.0/assets/brand9.png,1901,
7f9ed6e658c1bb07b5d6bf4239da4b5be760d6ac,DELETE,regular-file,Ella Sections Ready 1.0.0/assets/btn-cart01.png,1174,
5025cf7ec410a8c92af159de014e83be6d3414ec,DELETE,regular-file,Ella Sections Ready 1.0.0/assets/btn-product.png,999,
9320d2058d14a21bc8dc588c72fd0b4ff8717594,DELETE,regular-file,Ella Sections Ready 1.0.0/assets/btn-remove01.png,1219,
97c85a730d99e39dfed1cd328b7a57388ceaeaea,DELETE,regular-file,Ella Sections Ready 1.0.0/assets/btn-sidebar.png,967,
95001b54168ff72a32be336849c3b3f261a20cc3,DELETE,regular-file,Ella Sections Ready 1.0.0/assets/check-box-checked.png,1099,
25963671c254933855462dc9ee6b9a39ee5a1736,DELETE,regular-file,Ella Sections Ready 1.0.0/assets/check-box.png,949,
aef724bcc87cafe823d1e0164b55f03d48f95ed3,DELETE,regular-file,Ella Sections Ready 1.0.0/assets/checkout_logo.png,1887,
769b43d7325729e29d4e6d9df808e1364b537abd,DELETE,regular-file,Ella Sections Ready 1.0.0/assets/color-1.png,564,
9b308c52521df01e94192741dc0faf85e95fe350,DELETE,regular-file,Ella Sections Ready 1.0.0/assets/color-2.png,514,
fd69a1bb81d7092bf75e51e3257492c2b1aadec8,DELETE,regular-file,Ella Sections Ready 1.0.0/assets/color-3.png,133,
8440fefa4f25e74eae7bfc2a94ebb21e60c461ee,DELETE,regular-file,Ella Sections Ready 1.0.0/assets/color-4.png,605,
16bff2287b3dbe257774948b3f236ffc424edc2f,DELETE,regular-file,Ella Sections Ready 1.0.0/assets/color-5.png,168,
24531c168f6a137683f3439585505c14337fa0ff,DELETE,regular-file,Ella Sections Ready 1.0.0/assets/color-6.png,542,
662a7599b62b22bd4fba28f1f8ebb75c77209373,DELETE,regular-file,Ella Sections Ready 1.0.0/assets/color-7.png,146,
a2d7b93b67ca95e2aa23b250a7fd13f6b73009e9,DELETE,regular-file,Ella Sections Ready 1.0.0/assets/color-8.png,160,
f3f0096bea203e0800a3df45e8dd5c2a3ebea2be,DELETE,regular-file,Ella Sections Ready 1.0.0/assets/color-9.png,568,
441c502c92fe66534f0ca07b1c639a02a9bfc6e8,DELETE,regular-file,Ella Sections Ready 1.0.0/assets/default-skin.png,547,
a4391396a9d6b6d7ff3b781f16904732fea40bdd,DELETE,regular-file,Ella Sections Ready 1.0.0/assets/fancybox_overlay.png,1003,
fd8d5ca566d47a77d9562168617bb2f6482bf9be,DELETE,regular-file,Ella Sections Ready 1.0.0/assets/fancybox_sprite.png,1362,
d0e4779f4bed43fe339f0cf1eb045d8cb9430c87,DELETE,regular-file,Ella Sections Ready 1.0.0/assets/fancybox_sprite_2x.png,6553,
00624bae9da50569c2d03b41908685f0e04f566a,DELETE,regular-file,Ella Sections Ready 1.0.0/assets/favicon.png,666,
0973321eb493c948d1e99489645b65bac98f03a5,DELETE,regular-file,Ella Sections Ready 1.0.0/assets/fire.png,7214,
692591458890003fe47d14e061b1889ed3783ded,DELETE,regular-file,Ella Sections Ready 1.0.0/assets/i-currency-1.png,620,
6f470f3a7715c6ceddf7be3dc983c0b32201a8cd,DELETE,regular-file,Ella Sections Ready 1.0.0/assets/i-currency-2.png,620,
a1d6002fb0fc73ee0d24c647103c3080d99773b0,DELETE,regular-file,Ella Sections Ready 1.0.0/assets/i-currency-3.png,612,
6f470f3a7715c6ceddf7be3dc983c0b32201a8cd,DELETE,regular-file,Ella Sections Ready 1.0.0/assets/i-currency-4.png,620,
ead7b3bb843844a102accce5d64c7a069d806e6d,DELETE,regular-file,Ella Sections Ready 1.0.0/assets/i-lang-1.png,582,
e52748f9060b9beec4775cea94953decd43a31ca,DELETE,regular-file,Ella Sections Ready 1.0.0/assets/i-lang-2.png,199,
ee1d7b743667e9492376e12ea4b850f41c5e7112,DELETE,regular-file,Ella Sections Ready 1.0.0/assets/ico-view.png,1137,
2032744759df0cd5df8b6b151a14e668c35731eb,DELETE,regular-file,Ella Sections Ready 1.0.0/assets/icon-cc-american-express.png,1524,
687cf5502aa959f567ebf33794f953ee5b40f079,DELETE,regular-file,Ella Sections Ready 1.0.0/assets/icon-cc-mastercard.png,1546,
48ce9a7968ac903fa00edb3cc81656af857c9f92,DELETE,regular-file,Ella Sections Ready 1.0.0/assets/icon-cc-paypal.png,1462,
163d546830de479ab8161075ee0970dcad3c8139,DELETE,regular-file,Ella Sections Ready 1.0.0/assets/icon-cc-visa.png,1339,
11ffa7ceb9b23d64d1b807bbc0ef3d431891c022,DELETE,regular-file,Ella Sections Ready 1.0.0/assets/icon-customers.png,1129,
deb2625b93b8e504ad6a23381636ecc54fb764c7,DELETE,regular-file,Ella Sections Ready 1.0.0/assets/icon-customers_2x.png,1319,
8bde4a6bd1058cb23d524278517ea788c13ae408,DELETE,regular-file,Ella Sections Ready 1.0.0/assets/icon-megamenu.png,951,
2b775c062ee5ec855447a142b4cd53c3c7b6fb97,DELETE,regular-file,Ella Sections Ready 1.0.0/assets/icon-menu.png,963,
24bc4c679a7541e61ad5dc52e4ed134590ea2bcc,DELETE,regular-file,Ella Sections Ready 1.0.0/assets/icon-search_2x.png,1209,
5eec2c817dc0730c31155dada9a0c390aeff1602,DELETE,regular-file,Ella Sections Ready 1.0.0/assets/icon-share01.png,1014,
9bfffce0c6c0d43758595d90ad4440a081722bdc,DELETE,regular-file,Ella Sections Ready 1.0.0/assets/icons_new14.png,12829,
23c27bc7420cb9af2b7e3e430ca83b3e7f57db54,DELETE,regular-file,Ella Sections Ready 1.0.0/assets/logo.png,1055,
5ad656eb11f11b32b59aeab823fe285f43370422,DELETE,regular-file,Ella Sections Ready 1.0.0/assets/logo_2x.png,4048,
0ecbd506ad59c3ce229c1964e916474eebba1f5d,DELETE,regular-file,Ella Sections Ready 1.0.0/assets/logo_fix.png,550,
89d3a24d0bf7c7576c07d024f200ae17b5b37f79,DELETE,regular-file,Ella Sections Ready 1.0.0/assets/share_email_image.png,1017,
f63e22bae39b5d022ce0a77b7cde7e1026d50aae,DELETE,regular-file,Ella Sections Ready 1.0.0/assets/slide_left.png,2215,
d52b45ba00aca77cb7c79383c793b20a9a8c7255,DELETE,regular-file,Ella Sections Ready 1.0.0/assets/slide_left_m.png,1462,
2dbea885abb206c3a8f7406691b23819bba41dfc,DELETE,regular-file,Ella Sections Ready 1.0.0/assets/slide_right.png,2207,
ed4f729824e7d33f01e58169f90a0b9b1a25d11c,DELETE,regular-file,Ella Sections Ready 1.0.0/assets/slide_right_m.png,1455,
21762e53a003555792c58a045f9c2d63dbf54e9c,DELETE,regular-file,Ella Sections Ready 1.0.0/assets/social.png,7263,
258a0b22653332526c610a723e6c51fe753b7d18,DELETE,regular-file,Ella Sections Ready 1.0.0/assets/social_icon_1.png,189,
9125e92ea57135466a8bc8e8e42c57517a35715a,DELETE,regular-file,Ella Sections Ready 1.0.0/assets/social_icon_2.png,227,
6a12ed6a45080be024367f26b0fe7d21f4ebc539,DELETE,regular-file,Ella Sections Ready 1.0.0/assets/social_icon_3.png,310,
2515dc3e4cede8201044c27c8afba0e1a825a79c,DELETE,regular-file,Ella Sections Ready 1.0.0/assets/social_icon_4.png,339,
8c0fbe1a7f9cef90a1a07191b7874d42ef9cc765,DELETE,regular-file,Ella Sections Ready 1.0.0/assets/social_icon_5.png,314,
8b9087fe964ea4a9cc526147ca3e47aba90ab6fb,DELETE,regular-file,Ella Sections Ready 1.0.0/assets/social_icon_6.png,316,
59a9079cd40fb064475e75820092476c03c4c541,DELETE,regular-file,Ella Sections Ready 1.0.0/assets/soldout.png,1097,
d9a211287f488666536d479b44909f2469c32ab1,DELETE,regular-file,Ella Sections Ready 1.0.0/assets/text-title.png,1542,
5f7bbdf6e0c1dd6e407f0c533a7a0fd4e3b16981,DELETE,regular-file,Ella Sections Ready 1.0.0/assets/wizard.png,936,
76e93e2ed356b1b92d312728ce661bbd31b106a3,DELETE,regular-file,Ella Sections Ready 1.0.0/assets/wizard_2x.png,961,
466be2a403c193c42838efe4236d7cd116c39d4e,DELETE,executable,Furnitica Sections Ready 1.0.0/Furnitica User Guide/css/img/info.png,686,
8a26aae914113d065260f604ee4687506730f692,DELETE,executable,Furnitica Sections Ready 1.0.0/Furnitica User Guide/css/img/pre_bg.png,98,
46834b996ac145e6652c891cb476f57cb3bb959a,DELETE,executable,Furnitica Sections Ready 1.0.0/Furnitica User Guide/css/img/warning.png,607,
d4a108f16ca55a7e21576cb4928b17246895308c,DELETE,executable,Furnitica Sections Ready 1.0.0/Furnitica User Guide/images/bg_img.png,2817,
6949908a5d6b01057fd44dff47761d195a3422e2,DELETE,executable,Furnitica Sections Ready 1.0.0/Furnitica User Guide/images/content/checkout-tab.png,86012,
303a3febed041bb57225db05985fbc4776d29412,DELETE,executable,Furnitica Sections Ready 1.0.0/Furnitica User Guide/images/content/collection-page-1.png,1777615,
9c152b20785b394a5c8617fbae3d98096b64f54a,DELETE,executable,Furnitica Sections Ready 1.0.0/Furnitica User Guide/images/content/collection_header_1.png,737773,
2a9ed0afeeddae0f69d86bb9f1585030cd211a86,DELETE,executable,Furnitica Sections Ready 1.0.0/Furnitica User Guide/images/content/collection_header_2.png,774773,
23c25b87326015bf3bc07004a34045e77c0e41db,DELETE,executable,Furnitica Sections Ready 1.0.0/Furnitica User Guide/images/content/collection_pages_1.png,739058,
087d75e9b80aa512c6a44eb4c7503474dc51ac40,DELETE,executable,Furnitica Sections Ready 1.0.0/Furnitica User Guide/images/content/collection_pages_2.png,373166,
c9e3be9a6278cbee26b2b6f4e5543089b980c6db,DELETE,executable,Furnitica Sections Ready 1.0.0/Furnitica User Guide/images/content/color-1_small.png,778,
019dcc08110bbd207b04cff2ab6b698d4ad769ad,DELETE,executable,Furnitica Sections Ready 1.0.0/Furnitica User Guide/images/content/color-2_small.png,610,
8fcd0e04c850ae68050a07fc68ce4715e290e299,DELETE,executable,Furnitica Sections Ready 1.0.0/Furnitica User Guide/images/content/color-3_small.png,577,
1ae7f5df87fcb1683e217269e96e5c98c9742ffb,DELETE,executable,Furnitica Sections Ready 1.0.0/Furnitica User Guide/images/content/general_page_1.png,1565168,
0bc68c52d5eafc80c9a0d6504fa8a01df885b9d3,DELETE,executable,Furnitica Sections Ready 1.0.0/Furnitica User Guide/images/content/install.png,12679,
4e4b06c8be228bde31053fc3e697e834b8922fd6,DELETE,executable,Furnitica Sections Ready 1.0.0/Furnitica User Guide/images/content/logo-document.png,3360,
dc963dddf3ea35a33c6331b53f62cade41a4c606,DELETE,executable,Furnitica Sections Ready 1.0.0/Furnitica User Guide/images/content/multi_languages_11.png,733534,
a9f0b7a2c3e3e8b168d2c8aa1cc51d16266e46e5,DELETE,executable,Furnitica Sections Ready 1.0.0/Furnitica User Guide/images/content/navigation_style1.png,1014899,
365ff16b9e0917156251ac614a0e2647d38d92fc,DELETE,executable,Furnitica Sections Ready 1.0.0/Furnitica User Guide/images/content/porduct-page-1.png,839949,
381be385d014f5312526435797f8cc3fdf90a990,DELETE,executable,Furnitica Sections Ready 1.0.0/Furnitica User Guide/images/content/porduct-page-10.png,403176,
d8f07640176c27f86604ed2a4532dc866e8fadee,DELETE,executable,Furnitica Sections Ready 1.0.0/Furnitica User Guide/images/content/porduct-page-11.png,344608,
f7631b2934713d416aa4fe07b0cbd8156f091333,DELETE,executable,Furnitica Sections Ready 1.0.0/Furnitica User Guide/images/content/porduct-page-12.png,313494,
df0d17aa08de1648932b25e9c485ee13548ce69f,DELETE,executable,Furnitica Sections Ready 1.0.0/Furnitica User Guide/images/content/porduct-page-2.png,717566,
d1b46ef88404eb99c71df0fbc7967ef817507607,DELETE,executable,Furnitica Sections Ready 1.0.0/Furnitica User Guide/images/content/porduct-page-3.png,209059,
7f494a6a4f5f02bca252abab246fdfa5da74786c,DELETE,executable,Furnitica Sections Ready 1.0.0/Furnitica User Guide/images/content/porduct-page-4.png,292512,
9927b02f7a4b9d5390ea56e8838b837ffa6335c4,DELETE,executable,Furnitica Sections Ready 1.0.0/Furnitica User Guide/images/content/porduct-page-5.png,202354,
05f5f7fd24be97277436a29f28249214c1a16221,DELETE,executable,Furnitica Sections Ready 1.0.0/Furnitica User Guide/images/content/porduct-page-6.png,277178,
d268eec1d895ba9d2d8f70e4c170a31e3dfb4d65,DELETE,executable,Furnitica Sections Ready 1.0.0/Furnitica User Guide/images/content/porduct-page-7.png,278951,
72745676983a50dc5cf08201bad43b80c3fd6760,DELETE,executable,Furnitica Sections Ready 1.0.0/Furnitica User Guide/images/content/porduct-page-8-1.png,356977,
df0d17aa08de1648932b25e9c485ee13548ce69f,DELETE,executable,Furnitica Sections Ready 1.0.0/Furnitica User Guide/images/content/porduct-page-8.png,717566,
5bd15ca693da6aaea138f197b900324b89ef99cc,DELETE,executable,Furnitica Sections Ready 1.0.0/Furnitica User Guide/images/content/porduct-page-9.png,388109,
afd6ff714b6193b11534d56edc60a5c59e7c30a9,DELETE,executable,Furnitica Sections Ready 1.0.0/Furnitica User Guide/images/content/recently_viewed_products.png,39617,
f56e2a67745b97c70e57d980fa0105a9fb05714a,DELETE,executable,Furnitica Sections Ready 1.0.0/Furnitica User Guide/images/content/recently_viewed_products_1.png,265932,
036abd6acc77c34df1086975f8ac645e43461213,DELETE,executable,Furnitica Sections Ready 1.0.0/Furnitica User Guide/images/content/recently_viewed_products_2.png,264621,
170e71fcfafb8908ab7e081f86e3acb8937c9fe5,DELETE,executable,Furnitica Sections Ready 1.0.0/Furnitica User Guide/images/content/related-products-2.png,262135,
9b8e29b6e1d569c40afbab8e5dcb5c8d926605bf,DELETE,executable,Furnitica Sections Ready 1.0.0/Furnitica User Guide/images/content/related-products.png,43038,
eaed86e05e3594de13db4934f8f4fe98909ae23a,DELETE,executable,Furnitica Sections Ready 1.0.0/Furnitica User Guide/images/content/settings-button-1.png,39143,
7da289f7bbaaeda7d834680c4c2ea4d43ba0f382,DELETE,executable,Furnitica Sections Ready 1.0.0/Furnitica User Guide/images/content/settings-checkout.png,37993,
4eb6bc33b69ce33d1c39c355c2585576ec5dd657,DELETE,executable,Furnitica Sections Ready 1.0.0/Furnitica User Guide/images/content/settings-fonts.png,35255,
4d7415c5c3002b77faf94eb80c5aa2d9bd339af4,DELETE,executable,Furnitica Sections Ready 1.0.0/Furnitica User Guide/images/content/settings-general-1.png,28854,
37fc216b2cffacfaa7043cc0a5090e1ad6a4806a,DELETE,executable,Furnitica Sections Ready 1.0.0/Furnitica User Guide/images/content/settings-homepage-slideshow.png,1473220,
95ccab4fb009b21f7e247460f2b1398063090cd7,DELETE,executable,Furnitica Sections Ready 1.0.0/Furnitica User Guide/images/content/settings-page-1.png,89309,
5aa27056f25b4c391c03cb88a7cb0e2b090f32bf,DELETE,executable,Furnitica Sections Ready 1.0.0/Furnitica User Guide/images/content/settings-social.png,32362,
e020d73c68f074044570ac284862b063dd733925,DELETE,executable,Furnitica Sections Ready 1.0.0/Furnitica User Guide/images/content/setup-collection-1.png,13431,
552ebdb091ca002b35883d44e1155f363966c82a,DELETE,executable,Furnitica Sections Ready 1.0.0/Furnitica User Guide/images/content/sidebar-1.png,382042,
28a3f28605d044a236d815201cdb063a93050c2a,DELETE,executable,Furnitica Sections Ready 1.0.0/Furnitica User Guide/images/content/sidebar-2-1.png,738676,
fe68e51753c0a86d2f1ee86b651371706cc9dd43,DELETE,executable,Furnitica Sections Ready 1.0.0/Furnitica User Guide/images/content/sidebar-2.png,804663,
9f893a0de93de71dcf023cda91789f2f54f7762c,DELETE,executable,Furnitica Sections Ready 1.0.0/Furnitica User Guide/images/content/sidebar-3-1.png,446774,
e5c3be652a7ce7051f73a003b6705448f8658946,DELETE,executable,Furnitica Sections Ready 1.0.0/Furnitica User Guide/images/content/sidebar-3.png,727012,
fccb1a48498a9f199fb0a727f3242a8ea61b2e57,DELETE,executable,Furnitica Sections Ready 1.0.0/Furnitica User Guide/images/content/youtube.png,946,
a75a26e39f5e526f51bcf8c428a5742471af93ba,DELETE,executable,Furnitica Sections Ready 1.0.0/Furnitica User Guide/images/logo-2.png,2029,
57596e37b267edcd7dd3ba845dc9c9af2641d7e9,DELETE,executable,Furnitica Sections Ready 1.0.0/Furnitica User Guide/images/logo.png,10956,